{"cameraMode":{"drawMode":0,"name":"Shaded","section":"Shading Mode"},"sceneLighting":true,"audioPlay":false,"sceneViewState":{"showFog":true,"showMaterialUpdate":false,"showSkybox":true,"showFlares":true,"showImageEffects":true,"showParticleSystems":true,"showVisualEffectGraphs":true,"m_FxEnabled":true},"in2DMode":false,"pivot":{"x":-0.10920858383178711,"y":0.9235854148864746,"z":-10.038265228271485},"rotation":{"x":-0.2142859250307083,"y":-0.05505940690636635,"z":0.012098458595573902,"w":-0.9751445055007935},"size":2.994091033935547,"orthographic":false}